1,Chaquetas de cuero para hombres
2,Chaquetas de cuero para mujeres
3,Bolsos de cuero
4,Carteras de cuero
5,Cinturones de cuero
6,Zapatos de cuero para hombres
7,Zapatos de cuero para mujeres
8,Guantes de cuero
9,Accesorios de cuero para el cabello
10,Maletines de cuero
11,Mochilas de cuero
12,Fundas de cuero para dispositivos electrónicos
13,Portafolios de cuero
14,Billeteras de cuero
15,Chaquetas de piel sintética
16,Bolsos de piel sintética
17,Sombreros de cuero
18,Ropa de cuero para motoristas
19,Chalecos de cuero
20,Fajas de cuero
